{"cameraMode":{"drawMode":0,"name":"Shaded","section":"Shading Mode"},"sceneLighting":true,"audioPlay":false,"sceneViewState":{"m_AlwaysRefresh":false,"showFog":true,"showSkybox":true,"showFlares":true,"showImageEffects":true,"showParticleSystems":true,"showVisualEffectGraphs":true,"m_FxEnabled":true},"in2DMode":false,"pivot":{"x":-3.2658886909484865,"y":2.7674787044525148,"z":3.6448378562927248},"rotation":{"x":0.07162782549858093,"y":-0.006884546019136906,"z":-0.0004947526031173766,"w":-0.9974108338356018},"size":4.054177761077881,"orthographic":false}